,0,1,2,3,4,5,6,7,8,9,10,11,12,13,14,15,16,17,18,19,20,21,22,23,24,25,26,27,28,29,30,31,32,33,34,35,36,37,38,39,40,41,42,43,44,45,46,47,48,49,50,51,52,53,54,55,56,57,58,59,60,61,62,63,64,65,66,67,68,69,70,71,72,73,74,75,76,77,78,79,80,81,82,83,84,85,86,87,88,89,90,91,92,93,94,95,96,97,98,99,100,101,102,103,104,105,106,107,108,109
0,112111,109356,108283,109995,108433,108517,109771,110502,111955,113824,116547,114630,119068,118526,119857,120432,117639,115362,114848,114644,119307,115460,109607,103836,94391,90026,86522,85431,84005,85299,85213,88241,87239,83464,82891,84683,86998,90212,90595,90846,91989,96150,96651,95589,95318,95635,93122,92351,94162,97514,98199,101241,99537,98568,97670,94687,91268,89797,88550,89717,90186,90115,87558,85630,83190,85481,83003,83861,82565,82270,83358,83378,84777,86539,88700,90733,92404,94122,95535,96624,97348,97780,98016,98053,97928,97644,97307,96942,96428,95824,95181,94563,93973,93435,92973,92597,92294,92065,91919,91890,92006,92281,92706,93255,93921,94697,95549,96454,97368,98257
1,116136,112173,108606,107307,109178,107844,108126,109235,110001,112345,113270,116079,114400,118980,118176,119625,120245,117471,115154,114737,114507,119254,115608,109729,103934,94665,90727,86735,85625,84426,85840,85860,88489,87312,83589,83028,85094,87322,90561,90870,91136,92460,96497,96979,95941,95603,95882,93588,92870,94917,98163,99002,102042,100200,98996,98124,94909,91358,89960,88963,90191,90504,90464,87698,85798,83519,85997,83580,84427,83170,83019,84150,84188,85578,87347,89504,91529,93202,94923,96333,97416,98135,98562,98794,98821,98697,98413,98077,97710,97196,96590,95947,95326,94736,94198,93738,93364,93061,92836,92691,92660,92778,93054,93479,94030,94695,95472,96323,97228,98141
2,125300,116449,111779,107871,106801,108839,107720,107807,108883,110591,111979,112990,116021,114468,118808,118081,119571,120127,117328,115081,114670,114622,119525,115821,109970,104363,95497,91077,87072,85912,84971,86510,86046,88468,87374,83730,83342,85461,87676,90918,91297,91535,92969,96838,97492,96145,95775,96112,93767,93339,95356,98552,99351,102289,100249,98945,98037,94691,91385,90196,89211,90376,90634,90515,87734,85999,83887,86520,84218,84851,83874,83771,84907,84927,86320,88078,90224,92243,93916,95635,97033,98111,98825,99246,99473,99499,99375,99091,98755,98387,97873,97268,96623,96006,95418,94882,94422,94049,93748,93524,93383,93351,93470,93750,94176,94726,95391,96167,97017,97924
3,131051,125306,116084,111052,107390,106554,108740,107453,107491,109548,110268,111571,112937,116151,114346,118820,118092,119560,120028,117277,115147,114822,114957,119749,116047,110402,105141,95908,91449,87505,86362,85537,86644,86050,88522,87388,83994,83645,85712,87937,91373,91606,91872,93301,97221,97836,96329,95979,96339,94120,93733,95786,98795,99431,102204,100083,98665,97790,94592,91436,90395,89333,90478,90608,90515,87862,86398,84273,87052,84620,85483,84540,84455,85557,85576,86955,88698,90837,92849,94523,96228,97619,98688,99395,99814,100039,100063,99939,99656,99322,98953,98438,97835,97192,96576,95990,95455,94997,94629,94329,94107,93968,93936,94058,94339,94767,95319,95983,96759,97607
4,94343,131399,124953,115430,110537,107070,106470,108462,107199,108144,109243,110034,111539,113110,116055,114302,118781,118065,119475,120033,117310,115278,115044,115161,120102,116501,110855,105582,96266,91856,88082,86980,85686,86537,86052,88475,87546,84299,83889,85924,88260,91709,91977,92244,93764,97529,98063,96562,96266,96708,94470,94113,96060,98827,99302,101951,99703,98331,97617,94572,91524,90470,89435,90518,90638,90733,88257,86903,84817,87493,85215,86134,85194,85080,86165,86176,87541,89277,91415,93424,95084,96779,98163,99226,99928,100348,100573,100597,100472,100191,99858,99488,98974,98374,97733,97119,96531,95999,95546,95180,94883,94662,94526,94496,94618,94900,95330,95884,96550,97325
5,99557,94120,130889,124236,114982,110313,107001,106263,108195,107856,107879,108803,109975,111717,112973,116019,114343,118866,118009,119430,120089,117505,115584,115314,115440,120526,117401,111338,105889,96660,92467,88643,87145,85809,86484,86140,88601,87758,84561,84134,86293,88598,91998,92320,92544,94062,97652,98281,96787,96595,96998,94823,94360,96106,98652,98997,101506,99284,98035,97540,94651,91626,90482,89355,90506,90701,90957,88666,87391,85223,88064,85828,86770,85781,85650,86706,86709,88067,89801,91936,93937,95591,97277,98655,99713,100415,100835,101061,101085,100960,100683,100349,99982,99469,98869,98231,97618,97033,96506,96056,95690,95394,95175,95043,95015,95139,95423,95855,96412,97077
6,95348,99367,93707,130045,123766,114739,110289,106838,106052,108843,107588,107795,108781,110088,111631,113017,116050,114358,118817,117999,119514,120303,117822,115882,115481,115869,121467,117689,111642,106232,97213,93059,88818,87124,85691,86434,86279,88824,87954,84722,84435,86530,89008,92276,92672,92790,94273,97935,98434,97076,96876,97325,95155,94451,95995,98398,98623,101149,99042,97950,97569,94696,91692,90401,89370,90654,91023,91440,89130,87766,85809,88671,86445,87349,86335,86176,87196,87198,88561,90295,92419,94415,96065,97742,99115,100172,100875,101295,101522,101546,101423,101149,100818,100454,99940,99343,98707,98098,97517,96992,96545,96182,95888,95671,95542,95517,95643,95929,96363,96920
7,86673,95188,98933,93150,129562,123529,114688,110096,106654,106650,108645,107540,107758,108992,110062,111644,113023,116090,114288,118803,118045,119673,120635,118118,116115,115785,116546,121685,117870,112023,106696,97850,93174,88791,87091,85670,86602,86493,89032,88077,85116,84722,86936,89287,92625,92948,92998,94550,98208,98739,97438,97188,97608,95208,94296,95779,98095,98317,100946,99013,97974,97719,94756,91690,90485,89543,91044,91484,91941,89450,88369,86461,89309,87040,87927,86874,86679,87672,87686,89054,90781,92898,94889,96537,98208,99580,100639,101341,101763,101990,102017,101894,101622,101292,100933,100421,99825,99193,98586,98008,97487,97043,96680,96389,96173,96047,96025,96154,96443,96880
8,82771,86933,94818,98317,92768,129301,123399,114468,109887,107408,106455,108621,107569,107903,108941,110126,111708,113055,116057,114321,118904,118228,119962,120937,118382,116529,116324,116631,121901,118145,112542,107377,97917,93137,88718,87025,85767,86807,86705,89219,88479,85374,84985,87212,89656,92879,93116,93244,94821,98518,99065,97841,97478,97765,95122,94096,95526,97821,98210,100944,99080,98082,97778,94786,91791,90753,89914,91588,91964,92382,90045,88992,87093,89878,87591,88445,87354,87133,88114,88137,89501,91230,93340,95324,96968,98637,100007,101066,101766,102190,102420,102447,102327,102059,101733,101374,100862,100270,99642,99039,98464,97945,97501,97141,96852,96638,96515,96496,96627,96919
9,85290,83112,86747,94264,97966,92471,129104,123208,114314,110522,107232,106149,108638,107762,107886,109025,110193,111818,113045,116046,114417,119090,118541,120203,121168,118752,117167,116565,116863,122149,118649,113117,107598,98138,93101,88629,87160,85963,87035,86904,89568,88823,85721,85363,87601,90002,93077,93372,93536,95125,98823,99401,98147,97606,97726,94933,93910,95368,97712,98191,101167,99224,98259,97855,94875,91956,91089,90409,92137,92388,92955,90649,89589,87654,90401,88081,88906,87782,87547,88519,88549,89910,91636,93743,95723,97363,99032,100398,101457,102159,102585,102815,102843,102725,102460,102135,101779,101269,100679,100054,99453,98882,98364,97922,97563,97277,97064,96945,96927,97060
10,83216,85668,82991,86352,93897,97741,92280,128816,123024,114893,110315,107271,106161,108815,107747,107961,109088,110247,111854,113070,116158,114621,119355,118805,120505,121659,119458,117442,116798,117175,122684,119235,113327,107685,98091,93081,88731,87311,86207,87280,87242,89895,89195,86032,85725,87876,90210,93348,93653,93922,95500,99250,99726,98292,97631,97641,94708,93753,95270,97743,98392,101263,99379,98304,97995,95085,92279,91563,90935,92558,92934,93527,91218,90109,88154,90857,88502,89302,88160,87914,88873,88912,90273,91997,94103,96080,97715,99382,100749,101807,102509,102936,103168,103198,103081,102820,102495,102143,101637,101049,100425,99827,99257,98741,98299,97944,97660,97447,97331,97315
11,81705,83527,85548,82649,86084,93630,97587,92070,128606,123623,114794,110248,107276,106347,108769,107798,108025,109147,110303,111911,113124,116337,114965,119613,119040,120941,122420,119808,117781,117031,117626,123307,119462,113676,107635,97998,93218,88918,87597,86442,87630,87543,90300,89483,86416,85985,88065,90500,93674,94007,94254,95887,99585,99924,98349,97489,97439,94595,93720,95345,97917,98557,101411,99384,98419,98126,95450,92732,92091,91341,93085,93492,94079,91727,90587,88603,91261,88875,89664,88503,88244,89193,89239,90602,92324,94433,96409,98042,99708,101073,102132,102833,103262,103495,103526,103413,103153,102830,102480,101978,101388,100770,100173,99604,99090,98649,98296,98013,97803,97688
12,78207,82030,83429,85165,82431,85939,93521,97415,91918,128859,123459,114966,110332,107421,106363,108835,107903,108159,109179,110385,112018,113330,116641,115288,119835,119443,121648,122702,120162,118077,117498,118197,123607,119476,113664,107673,98100,93496,89158,87771,86756,87949,87913,90595,89885,86695,86216,88307,90779,94054,94333,94678,96275,99821,99977,98326,97397,97300,94537,93813,95549,98119,98763,101527,99469,98646,98436,95882,93260,92526,91825,93590,93998,94535,92157,90981,88966,91584,89185,89964,88785,88516,89456,89508,90873,92598,94705,96678,98309,99974,101338,102397,103100,103531,103766,103800,103688,103428,103108,102763,102263,101673,101057,100462,99896,99382,98943,98593,98310,98102
13,78503,78465,81963,83152,85000,82310,85909,93383,97324,92009,128680,123627,115048,110468,107384,106407,108876,108003,108185,109204,110491,112201,113575,116887,115566,120199,120097,121859,123040,120409,118513,117988,118394,123596,119439,113606,107766,98205,93778,89359,88108,87060,88336,88240,90998,90147,86852,86424,88625,91143,94410,94716,94996,96491,99933,99889,98211,97251,97282,94637,93992,95672,98225,98825,101659,99696,98990,98839,96335,93660,93027,92353,94110,94478,94983,92569,91354,89307,91903,89489,90253,89058,88780,89712,89770,91140,92863,94971,96941,98571,100235,101598,102659,103363,103795,104035,104067,103957,103700,103386,103041,102543,101956,101341,100747,100180,99669,99232,98882,98602
14,77495,78733,78381,81681,82975,84896,82279,85876,93261,97375,91894,128573,123670,115151,110383,107420,106484,108912,108034,108237,109279,110653,112407,113775,117090,115900,120818,120285,122082,123336,120876,119119,118188,118467,123583,119423,113765,107927,98392,93966,89739,88424,87417,88611,88624,91285,90353,87138,86677,89014,91542,94792,95074,95274,96586,99857,99834,98090,97264,97357,94805,94155,95781,98307,98975,101861,99961,99438,99327,96699,94172,93566,92879,94589,94934,95397,92946,91692,89622,92195,89764,90514,89301,89016,89942,90009,91383,93108,95216,97185,98815,100478,101840,102906,103610,104045,104285,104318,104209,103956,103642,103300,102803,102216,101602,101014,100446,99937,99502,99154
15,78186,77756,78669,78081,81455,82888,84873,82221,85846,93328,97263,92168,128617,123788,115118,110397,107518,106562,108975,108087,108331,109456,110857,112623,113948,117503,116648,121047,120594,122417,123884,121565,119382,118246,118473,123559,119580,114087,108289,98774,94454,90151,88831,87795,89039,88876,91477,90577,87542,87067,89467,92029,95238,95463,95389,96586,99784,99775,98101,97350,97580,94993,94320,95862,98447,99158,102191,100433,99953,99652,97257,94752,94138,93403,95080,95390,95811,93322,92046,89956,92504,90058,90794,89571,89277,90196,90270,91649,93376,95485,97453,99081,100745,102109,103177,103881,104317,104559,104594,104487,104236,103926,103584,103088,102503,101891,101305,100740,100231,99798
16,77582,78359,77720,78371,77872,81375,82899,84889,82204,86010,93245,97895,92193,128635,123760,115182,110495,107590,106630,109096,108216,108516,109731,111130,112890,114370,118105,116759,121232,120923,122846,124577,121819,119448,118285,118513,123791,120185,114588,108739,99464,95048,90705,89353,88314,89401,89166,91782,90954,88107,87603,90157,92664,95822,95600,95346,96582,99766,99928,98224,97587,97778,95224,94499,96056,98647,99569,102711,100903,100355,100294,97931,95416,94759,93991,95626,95901,96282,93774,92473,90361,92889,90427,91152,89917,89618,90534,90614,91998,93725,95835,97800,99429,101093,102457,103527,104231,104671,104915,104951,104846,104597,104289,103946,103452,102871,102260,101676,101113,100606
17,81190,77760,78299,77467,78132,77778,81404,82924,84878,82394,85899,93306,97915,92270,128596,123794,115238,110595,107626,106747,109230,108489,108835,110057,111491,113399,115188,118400,117175,121666,121614,123757,125031,122055,119716,118472,118846,124298,120762,115287,109552,100133,95788,91364,89989,88756,89677,89467,92256,91525,88633,88241,90942,93285,96025,95719,95461,96587,99894,100129,98488,97814,98048,95422,94711,96333,99152,100201,103349,101393,101076,101053,98687,96125,95433,94619,96213,96454,96812,94285,92958,90826,93336,90861,91575,90328,90024,90938,91021,92412,94137,96248,98211,99841,101504,102868,103939,104646,105087,105334,105372,105269,105021,104715,104371,103878,103298,102688,102105,101544
18,80128,81388,77641,78023,77209,78009,77720,81428,82906,84978,82261,85817,93224,97905,92201,128517,123775,115368,110682,107755,106946,109612,109024,109362,110595,112176,114498,115647,118902,117894,122409,122640,124229,125303,122369,119914,118850,119612,125092,121659,116286,110497,101185,96709,92291,90565,89245,90398,90287,93176,92394,89650,89361,91851,94021,96529,95930,95598,96920,100471,100731,99231,98645,98964,96576,95963,97903,101093,102502,106032,103800,103571,103568,101155,98556,97810,96946,98495,98723,99059,96500,95140,92980,95466,92971,93680,92426,92119,93029,93121,94516,96241,98350,100310,101944,103605,104965,106037,106750,107193,107442,107479,107379,107136,106832,106489,105997,105419,104809,104228
19,81906,80314,81263,77296,77748,77053,77966,77671,81352,82961,84812,82194,85750,93212,97769,92131,128415,123799,115361,110782,107938,107335,110283,109566,109953,111353,113078,114967,116278,119593,118911,123447,123192,124770,125680,122714,120496,119565,120566,126018,122532,117372,111817,102357,97763,93025,91218,90447,91565,91571,94457,93852,91162,90727,93100,94923,96913,96329,96397,98101,101715,102098,100774,100345,100707,98609,98187,100679,104473,106283,109560,107514,107313,107232,104775,102090,101274,100364,101889,102109,102400,99815,98417,96232,98691,96185,96890,95626,95327,96231,96338,97740,99469,101574,103533,105167,106825,108183,109261,109978,110422,110676,110714,110619,110381,110083,109741,109252,108676,108071
20,79455,82111,80109,80745,76948,77544,76934,77831,77485,81292,82723,84336,82080,85655,92975,97539,91977,128297,123641,115354,110878,108277,107837,110650,110037,110604,112730,113549,115499,116952,120497,120186,123963,123807,125137,126021,123331,121224,120420,121544,126788,123593,118489,112794,103451,98410,93616,92101,91384,92582,92550,95688,95154,92227,91750,93859,95426,97310,97311,97902,99762,103631,103952,102547,101980,102705,100716,100853,103471,107143,109790,113273,111285,110905,110716,108127,105329,104435,103489,104973,105155,105407,102794,101364,99161,101605,99101,99813,98547,98269,99173,99306,100722,102451,104555,106509,108145,109800,111159,112243,112966,113419,113679,113723,113635,113406,113120,112784,112301,111734
21,79947,79559,81760,79483,80066,76486,77205,76676,77462,77317,80934,82312,84119,81888,85302,92630,97269,91785,127907,123362,115374,111046,108621,108071,110866,110629,111372,113115,113963,115970,117788,121404,120626,124300,124143,125477,126529,123967,122026,121133,122069,127769,124635,119456,113872,103940,99014,94489,93161,92562,93699,93775,97078,96443,93336,92700,94590,95834,98390,98901,99743,101766,105529,105456,103950,103336,104401,102767,102774,105340,110233,113030,116566,114359,113802,113438,110694,107780,106851,105866,107275,107425,107634,105001,103537,101342,103769,101272,102005,100745,100509,101419,101595,103028,104755,106860,108803,110444,112095,113454,114544,115279,115745,116016,116068,115994,115784,115509,115181,114710
22,77885,80051,79179,80997,78768,79517,76124,76819,76233,77173,76875,80489,82087,83916,81559,84917,92329,96968,91451,127489,123225,115466,111274,108873,108238,111177,111183,111779,113455,114586,116793,118630,121664,121006,124605,124396,125847,127138,124643,122663,121515,122923,128645,125588,120353,114256,104369,99926,95477,94259,93690,95104,95171,98444,97588,94338,93398,95224,96791,100052,100464,101576,103279,106717,106538,105105,104871,105896,104180,104417,108040,113199,115956,119145,116739,115943,115402,112535,109582,108633,107589,108945,109072,109244,106603,105130,102948,105362,102881,103638,102385,102200,103124,103351,104805,106535,108635,110572,112216,113863,115223,116321,117069,117548,117832,117896,117837,117644,117388,117071
23,78039,77938,79583,78407,80227,78205,79148,75640,76333,75923,76743,76186,80261,81807,83515,81130,84538,92007,96629,91250,127282,123253,115656,111527,109077,108475,111828,111549,112114,113938,115186,117440,118831,121791,121104,124788,124843,126236,127760,125110,123064,122251,123831,129564,126537,120705,114676,105221,100884,96636,95193,94933,96511,96346,99349,98385,94990,93994,96056,98303,101473,102132,102941,104234,107410,107392,106518,106520,107619,105833,107056,110905,116094,118368,121256,118625,117640,116996,114134,111170,110188,109116,110433,110550,110697,108077,106603,104432,106838,104373,105152,103908,103779,104715,104993,106466,108194,110291,112225,113867,115511,116874,117976,118735,119228,119523,119595,119549,119378,119135
24,78476,78123,77477,78742,77707,79620,77800,78676,75196,76067,75540,76188,76001,80086,81373,83263,80945,84367,91612,96434,91196,127250,123349,115887,111655,109367,109270,112161,111849,112587,114515,115911,117685,119036,121942,121334,125035,125113,126812,128301,125426,123736,123080,124772,130345,126762,121067,115518,105971,101999,97512,96450,96289,97549,97243,100011,98882,95285,94612,97384,99552,102957,103208,103516,104752,108172,108420,107803,107920,108910,108375,109780,113625,118339,120210,122780,119978,118890,118284,115452,112468,111475,110383,111676,111789,111941,109343,107869,105716,108115,105667,106465,105234,105160,106108,106427,107918,109647,111742,113669,115311,116951,118314,119422,120190,120695,121002,121080,121050,120896
25,80213,78541,77677,76695,78052,77224,79288,77356,78274,75041,75738,75016,76010,75842,79802,81155,83084,80770,84088,91483,96382,91409,127181,123537,115975,111886,109900,109583,112417,112055,113205,115129,116069,117806,119202,122114,121565,125421,125618,127226,128590,126187,124365,123895,125534,130653,126975,121725,116239,106909,102866,98641,97709,97372,98269,97776,100366,99005,95979,95874,98516,100747,103792,103575,103725,105343,108847,109416,108942,109076,111163,110844,112215,115557,119855,121333,123654,120774,119738,119181,116359,113382,112383,111288,112567,112698,112855,110277,108807,106672,109064,106635,107456,106235,106211,107169,107525,109035,110765,112856,114776,116422,118056,119417,120531,121309,121823,122138,122224,122205
26,81650,80224,78146,76963,76087,77570,76908,78923,77005,78120,74759,75339,74872,76004,75688,79665,81087,83034,80492,84021,91504,96356,91610,127262,123569,116111,112372,110089,109747,112694,112460,113618,115152,116193,117799,119385,122330,121832,125846,126064,127408,129212,126841,125016,124514,125667,130821,127546,122216,117111,107763,103937,99818,98547,97924,98827,98017,100358,99537,96922,96808,99453,101569,104055,103709,104283,105977,110033,110637,110115,111112,113368,113062,113946,116855,120750,121927,124095,121305,120332,119808,117005,114040,113047,111953,113238,113386,113545,110988,109521,107405,109791,107383,108218,107012,107024,107990,108381,109910,111636,113722,115637,117281,118911,120271,121387,122172,122694,123015,123108
27,79059,81663,79809,77451,76470,75753,77320,76504,78652,76946,77829,74327,75163,74922,75855,75649,79523,81003,82851,80402,84015,91654,96559,91742,127174,123762,116246,112482,110330,109874,113011,112852,113620,115012,116333,117829,119571,122461,122258,126136,126230,128040,129896,127483,125671,124585,125824,131308,128142,122904,117878,108795,104968,100469,98931,98176,99050,98056,100846,100265,97758,97477,99959,101785,104316,104232,104992,106982,111102,111930,111945,113113,115360,114643,115117,117612,121187,122180,124377,121684,120751,120265,117486,114534,113547,112472,113761,113918,114083,111542,110080,107980,110363,107976,108824,107622,107668,108641,109065,110601,112331,114414,116321,117960,119585,120942,122059,122848,123376,123703
28,80162,79129,81248,79168,76968,76098,75576,77027,76208,78643,76656,77359,74208,75137,74745,75744,75564,79482,80826,82852,80410,84132,91798,96755,91871,127295,123993,116272,112624,110483,110128,113392,112879,113667,115029,116354,117978,119704,122821,122650,126184,126737,128526,130582,128129,125753,124790,126143,131792,128895,123553,118787,109718,105640,100858,99135,98137,98973,98289,101690,100968,98357,97917,100224,102082,104815,104853,105930,108149,112261,113567,113726,114903,116761,115670,115731,117874,121228,122218,124459,121844,120961,120511,117754,114819,113849,112788,114079,114248,114416,111893,110433,108351,110730,108359,109222,108023,108099,109077,109527,111070,112801,114880,116778,118416,120033,121385,122501,123295,123824
29,81468,80320,78747,80601,78647,76650,75942,75317,76730,76252,78389,76321,77300,74245,74995,74719,75679,75537,79285,80768,82826,80440,84319,91938,96777,91978,127698,123955,116389,112680,110771,110374,113393,112686,113604,115084,116537,118128,119945,123121,122693,126578,127266,129236,131228,128236,125835,125065,126494,132293,129436,124359,119594,110223,105933,101011,99061,97939,99334,98846,102293,101387,98691,98125,100426,102601,105543,105703,107008,109410,113713,115171,115324,116156,117652,116175,115881,117773,121088,122094,124375,121839,120997,120578,117844,114934,113978,112926,114216,114393,114567,112058,110600,108534,110910,108557,109425,108235,108338,109318,109789,111338,113065,115135,117029,118660,120268,121616,122732,123527
30,68175,81669,79965,78178,80147,78349,76557,75685,75033,76903,76045,78507,76221,77352,74116,74915,74623,75760,75396,79269,80823,82940,80641,84405,91936,96927,92058,127754,124011,116453,112827,110997,110235,113166,112677,113630,115162,116579,118421,120074,123072,123165,127029,127722,129688,131302,128250,126006,125484,127040,132734,130243,125089,119983,110458,105926,100910,98851,98019,99722,99245,102761,101723,98967,98207,100877,103194,106394,106647,108154,110717,115129,116593,116415,116929,118053,116243,115689,117512,120814,121836,124164,121698,120892,120494,117793,114902,113957,112912,114200,114385,114557,112061,110610,108552,110924,108582,109459,108275,108397,109379,109869,111416,113139,115204,117089,118714,120313,121653,122767
31,66894,68396,81396,79439,77763,79885,78230,76328,75421,75287,76635,75991,78456,76218,77278,74064,74917,74627,75620,75341,79289,80987,83129,80750,84416,92020,96935,92065,127678,124116,116625,113061,110942,109833,113164,112706,113677,115261,116764,118432,120107,123545,123589,127518,128143,129766,131346,128328,126274,125980,127459,133356,130855,125328,120196,110411,105749,100640,98937,98445,100158,99559,102949,101728,99017,98563,101364,103921,107238,107756,109353,112002,116394,117561,117086,117278,118079,116025,115386,117171,120469,121515,123886,121485,120706,120338,117659,114778,113840,112804,114092,114282,114456,111967,110521,108471,110835,108504,109390,108208,108349,109335,109836,111384,113099,115155,117033,118650,120243,121574
32,68813,67088,68126,80837,79016,77541,79809,78030,76140,75687,75086,76532,75925,78508,76103,77255,74071,74885,74520,75560,75398,79390,81174,83231,80754,84620,92195,96961,92113,127712,124254,116769,113008,110936,109840,113082,112730,113655,115446,116938,118553,120507,123948,123994,127786,128194,129733,131484,128594,126687,126336,128026,133846,131049,125410,120158,110211,105415,100595,99260,98810,100378,99694,103045,101842,99363,99186,102098,104773,108164,108900,110547,113169,117271,118176,117399,117313,117879,115741,115051,116813,120124,121188,123597,121244,120497,120151,117485,114616,113684,112654,113940,114136,114311,111830,110386,108339,110697,108378,109267,108086,108243,109228,109740,111290,113001,115049,116916,118527,120110
33,69236,69008,66832,67667,80353,78798,77474,79566,77811,76363,75456,74647,76489,75904,78405,76125,77265,74061,74811,74533,75543,75507,79578,81297,83344,80911,84618,92221,96975,92177,127805,124448,116725,112785,110839,109695,113145,112757,113821,115616,116883,118877,120876,124181,124437,127850,128210,129876,131704,129015,127061,126815,128446,133947,131075,125282,119831,109817,105330,100887,99509,99029,100462,99859,103056,102145,99700,99826,102919,105682,109166,109997,111592,113958,117816,118466,117459,117188,117673,115486,114766,116521,119839,120917,123354,121048,120322,119991,117337,114473,113545,112519,113803,114004,114177,111703,110256,108216,110568,108257,109143,107969,108137,109121,109640,111190,112892,114931,116788,118397
34,67738,69454,68710,66357,67335,80086,78644,77221,79339,78003,76089,75217,74621,76526,75822,78352,76104,77216,73964,74813,74482,75662,75689,79732,81349,83457,81321,84623,92235,96998,92306,127957,124314,116733,112690,110741,109754,113151,112876,113878,115567,117169,119169,121193,124501,124488,127796,128290,130095,132107,129286,127476,127185,128574,133900,130889,124951,119402,109631,105542,101123,99714,99263,100471,99965,103290,102566,100219,100658,103775,106547,110104,110931,112285,114434,118062,118511,117345,117019,117453,115238,114508,116256,119579,120668,123132,120863,120146,119826,117180,114325,113399,112375,113654,113855,114027,111555,110110,108077,110422,108116,109002,107828,108006,108989,109515,111064,112760,114790,116640
35,72039,67914,69204,68222,66023,67157,79969,78476,77042,79563,77819,75830,75174,74647,76464,75781,78361,76130,77164,73930,74793,74546,75866,75770,79766,81434,83610,81373,84677,92229,97143,92507,127945,123992,116612,112687,110743,109738,113217,112947,113870,115823,117433,119424,121514,124534,124569,127900,128451,130300,132347,129780,127835,127320,128595,133733,130581,124572,119247,109791,105754,101215,99766,99277,100506,100206,103610,103012,100818,101374,104549,107367,110915,111567,112721,114661,118105,118412,117196,116835,117235,115008,114271,116017,119341,120445,122926,120690,119980,119665,117027,114173,113251,112227,113505,113707,113874,111407,109960,107932,110272,107969,108855,107678,107868,108850,109380,110929,112621,114642
36,70953,72201,67634,68792,67860,65855,67062,79730,78215,77239,79387,77557,75781,75223,74538,76425,75732,78367,76018,77140,73955,74881,74701,75974,75845,79882,81839,83630,81420,84813,92348,97305,92495,127601,123885,116518,112675,110690,109884,113336,112970,114097,116069,117684,119762,121529,124551,124639,127938,128775,130544,132677,130133,127937,127271,128378,133369,130215,124310,119286,109887,105961,101337,99853,99347,100732,100514,104139,103591,101559,102162,105374,108168,111567,112075,113038,114804,118116,118374,117128,116746,117123,114889,114146,115891,119219,120331,122826,120617,119907,119598,116962,114112,113192,112168,113444,113645,113808,111346,109896,107870,110208,107906,108791,107612,107812,108791,109323,110873,112562
37,70518,71092,71965,67237,68482,67723,65780,66895,79564,78432,77033,79163,77548,75823,75143,74493,76404,75686,78274,75992,77159,74007,75092,74807,75942,75969,80202,81896,83698,81449,84951,92454,97288,92379,127615,123800,116587,112671,110776,109946,113313,113188,114261,116195,117868,119768,121571,124515,124757,128106,128986,130743,132819,130153,127847,127009,127991,132940,129991,124347,119436,110069,106110,101303,99822,99508,100947,100963,104709,104181,102258,102893,106065,108713,111986,112347,113148,114787,118042,118269,117001,116609,116972,114735,113989,115737,119065,120180,122686,120496,119789,119486,116849,114005,113086,112062,113336,113535,113698,111239,109787,107762,110094,107797,108679,107497,107707,108682,109218,110765
38,66222,70631,70811,71484,66955,68252,67655,65639,66781,79762,78214,76636,79099,77550,75682,75170,74479,76400,75641,78276,75946,77225,74162,75151,74816,76017,76329,80215,81945,83833,81615,85143,92474,97141,92345,127529,123753,116552,112751,110869,109888,113426,113362,114391,116313,117911,119711,121523,124572,124965,128263,129153,130966,132840,130137,127653,126669,127520,132608,129964,124469,119515,110115,106059,101287,99977,99755,101324,101546,105319,104828,102924,103540,106573,109099,112242,112478,113150,114732,117946,118146,116869,116468,116824,114583,113840,115591,118918,120032,122546,120374,119671,119370,116737,113896,112977,111956,113224,113428,113588,111130,109678,107654,109981,107689,108566,107385,107600,108571,109110
39,67039,66373,70436,70367,71163,66770,68161,67453,65472,66992,79558,78070,76614,79107,77440,75679,75136,74472,76319,75576,78234,75952,77353,74201,75177,74885,76304,76360,80310,81990,83995,81737,85159,92147,97071,92293,127501,123832,116644,112796,110927,110008,113549,113484,114553,116301,117859,119672,121543,124657,125129,128481,129283,130912,132767,129895,127314,126292,127330,132559,129997,124519,119487,110121,106032,101434,100237,100084,101767,102125,105911,105466,103544,104044,106960,109361,112389,112528,113134,114672,117850,118037,116750,116343,116693,114455,113718,115468,118795,119909,122429,120272,119573,119274,116645,113808,112889,111869,113133,113339,113498,111042,109589,107564,109887,107600,108474,107293,107513,108481
40,68181,67191,66204,70057,70077,70935,66645,68019,67398,65666,66802,79565,77983,76632,79021,77375,75675,75081,74352,76273,75538,78202,76060,77383,74191,75245,75285,76317,76346,80396,82106,84195,81729,85137,92037,97002,92272,127588,123771,116583,112864,111040,110202,113631,113565,114518,116241,117771,119654,121634,124739,125331,128578,129371,130830,132521,129516,126904,126038,127249,132610,129990,124449,119378,110070,106162,101724,100580,100483,102294,102678,106479,106034,104004,104409,107200,109488,112427,112518,113074,114573,117729,117905,116612,116202,116551,114317,113583,115334,118659,119772,122298,120157,119462,119162,116538,113701,112784,111765,113028,113233,113392,110936,109485,107457,109779,107493,108364,107182,107411
41,67309,68276,66985,65840,69766,69854,70797,66461,67832,67565,65489,66911,79508,78001,76509,78973,77335,75625,75010,74262,76224,75523,78284,76135,77390,74226,75507,75296,76332,76384,80482,82283,84179,81586,85095,91965,96902,92250,127600,123684,116571,112860,111128,110239,113782,113485,114452,116180,117732,119697,121682,124931,125390,128540,129191,130579,132235,129150,126652,125871,127274,132605,130048,124415,119410,110109,106293,102017,100978,101063,102843,103267,107042,106523,104404,104704,107386,109586,112480,112534,113044,114517,117655,117822,116523,116114,116463,114232,113500,115250,118574,119686,122218,120091,119398,119101,116476,113643,112725,111707,112967,113171,113331,110877,109421,107398,109714,107430,108299,107116
42,66262,67412,68058,66512,65572,69580,69719,70667,66341,67980,67410,65489,66870,79463,77829,76456,78901,77287,75521,74937,74213,76183,75585,78327,76110,77392,74654,75436,75294,76349,76448,80628,82266,84161,81458,84960,91850,96996,92248,127484,123707,116637,112973,111200,110257,113711,113319,114323,116108,117739,119709,121746,124992,125292,128387,129023,130242,131866,128859,126602,125866,127318,132556,129903,124446,119449,110261,106646,102406,101442,101599,103411,103831,107511,106930,104716,104920,107515,109663,112524,112545,113019,114471,117593,117754,116456,116049,116394,114168,113437,115190,118507,119620,122157,120040,119352,119055,116432,113601,112683,111664,112922,113127,113287,110833,109376,107356,109667,107383,108249
43,64844,66364,67227,67708,66263,65330,69474,69537,70539,66450,67787,67074,65410,66810,79326,77769,76404,78827,77191,75444,74863,74200,76209,75557,78286,76135,77424,74531,75421,75262,76413,76472,80582,81997,84104,81344,84903,91927,96901,92185,127426,123659,116629,112940,111201,110087,113592,113121,114296,116098,117732,119788,121772,124911,125049,128098,128711,129926,131551,128739,126575,125814,127289,132439,129869,124500,119507,110512,106984,102780,101931,102115,103922,104267,107857,107201,104895,105018,107557,109661,112487,112485,112929,114363,117471,117629,116331,115926,116270,114046,113319,115073,118388,119499,122041,119935,119249,118953,116333,113505,112585,111567,112821,113027,113186,110732,109276,107257,109563,107279
44,64051,64875,66191,66873,67374,66073,65185,69308,69406,70630,66283,67743,66981,65397,66626,79194,77653,76334,78680,77071,75366,74786,74201,76138,75497,78271,76544,77312,74488,75403,75291,76476,76440,80447,81855,84000,81316,84848,91866,96807,92153,127363,123648,116595,112928,111085,109955,113419,112977,114167,116079,117763,119762,121658,124691,124789,127751,128315,129608,131387,128703,126534,125723,127225,132329,129826,124579,119736,110738,107349,103185,102370,102541,104267,104545,108033,107299,104911,104983,107477,109539,112341,112321,112738,114158,117258,117414,116114,115711,116055,113834,113108,114863,118177,119286,121832,119735,119049,118758,116137,113313,112395,111375,112626,112829,112989,110537,109080,107063,109363
45,63058,64044,64700,65875,66622,67173,65916,65012,69187,69501,70461,66176,67676,66911,65256,66531,79094,77521,76185,78559,76992,75224,74791,74165,76064,75509,78149,76435,77227,74438,75376,75335,76412,76345,80330,81718,83884,81323,84770,91737,96667,92083,127307,123540,116529,112755,110901,109727,113276,112870,114074,115969,117689,119582,121434,124355,124438,127404,128047,129418,131356,128588,126510,125609,127095,132285,129863,124689,120012,111095,107674,103552,102742,102833,104482,104682,108073,107270,104838,104866,107315,109345,112126,112088,112480,113893,116982,117137,115837,115435,115777,113561,112837,114594,117906,119013,121561,119474,118791,118502,115883,113060,112141,111123,112373,112576,112732,110280,108823,106807
46,61382,63062,63859,64379,65525,66388,66996,65719,64859,69251,69268,70143,66108,67579,66741,65148,66430,79000,77369,76086,78450,76876,75232,74704,74022,75976,75709,77880,76179,76982,74239,75191,75044,76241,76196,80143,81631,83753,81211,84655,91651,96613,92023,127176,123451,116290,112541,110705,109528,113176,112739,114002,115814,117474,119297,121082,123963,124049,127103,127859,129325,131220,128501,126367,125458,127041,132303,129931,124887,120235,111377,107972,103863,102989,103006,104574,104701,108006,107172,104701,104690,107104,109108,111870,111818,112195,113599,116681,116835,115536,115136,115479,113266,112545,114302,117616,118719,121272,119195,118515,118225,115610,112788,111869,110852,112098,112301,112456,110005,108548
47,60923,61357,62905,63564,64089,65366,66253,66830,65562,64904,69063,69178,69991,66008,67420,66623,65003,66337,78793,77187,75950,78310,76811,75150,74611,73920,75981,75415,77725,76060,76883,74203,75067,74999,76050,76021,80018,81540,83652,81097,84568,91530,96502,91924,126938,123173,116067,112285,110499,109340,113043,112568,113839,115614,117201,118965,120657,123536,123751,126908,127697,129137,131053,128228,126244,125296,126987,132434,130097,125015,120496,111680,108269,104111,103186,103123,104614,104680,107935,107075,104570,104530,106916,108897,111642,111584,111948,113343,116418,116573,115275,114876,115219,113011,112292,114050,117362,118464,121022,118952,118275,117986,115375,112555,111636,110620,111864,112065,112220,109770
48,58969,60853,61210,62590,63238,63867,65233,66073,66661,65580,64730,68786,69017,69901,65827,67281,66485,64840,66151,78597,77030,75802,78198,76640,74985,74525,73775,75765,75220,77561,75928,76831,74049,75124,74827,75848,75926,79935,81393,83470,80996,84470,91473,96356,91774,126648,122898,115778,112064,110294,109149,112871,112356,113509,115341,116814,118558,120267,123184,123515,126711,127546,128935,130820,128042,126139,125225,127024,132535,130281,125224,120733,111934,108469,104275,103297,103170,104603,104643,107859,106982,104455,104391,106752,108717,111453,111390,111737,113125,116197,116352,115054,114659,115001,112797,112079,113834,117148,118249,120806,118746,118071,117784,115174,112355,111437,110421,111663,111864,112020
49,56120,58935,60657,60911,62301,63037,63699,64995,65914,66652,65364,64543,68563,68863,69674,65630,67127,66338,64667,65984,78432,76893,75670,78033,76476,74832,74426,73556,75598,75001,77394,75837,76659,74099,74904,74648,75660,75772,79786,81183,83459,80865,84331,91231,96170,91524,126283,122497,115496,111746,110036,108986,112656,112082,113153,114908,116359,118109,119887,122845,123342,126499,127335,128770,130574,127838,126017,125250,127104,132553,130402,125375,120891,112068,108560,104332,103312,103132,104539,104560,107743,106855,104312,104228,106569,108519,111246,111179,111515,112896,115963,116116,114824,114427,114770,112572,111854,113607,116925,118022,120579,118528,117855,117571,114960,112146,111228,110213,111455,111656
50,55144,56110,58732,60299,60556,62027,62793,63447,64793,65897,66465,65393,64410,68399,68583,69490,65471,66935,66173,64484,65807,78204,76674,75467,77814,76279,74821,74182,73362,75404,74853,77276,75613,76614,73867,74729,74499,75519,75647,79536,81067,83329,80737,84151,90987,95851,91222,125850,122163,115260,111486,109822,108715,112284,111654,112820,114428,115944,117723,119570,122533,123088,126239,127073,128472,130396,127577,125954,125250,127180,132591,130454,125441,120926,112091,108545,104289,103242,103035,104422,104425,107583,106686,104132,104032,106358,108295,111017,110944,111269,112648,115709,115864,114574,114178,114522,112327,111614,113369,116685,117779,120338,118297,117625,117342,114736,111925,111008,109992,111237
51,54210,55075,55911,58461,59974,60296,61823,62567,63247,64710,65638,66290,65200,64235,68081,68372,69294,65255,66708,65962,64275,65610,77988,76443,75308,77611,76320,74550,73924,73154,75216,74679,77059,75475,76377,73614,74516,74380,75355,75435,79374,80906,83178,80518,83984,90706,95488,90968,125496,121859,114979,111249,109560,108372,111864,111228,112372,113979,115536,117398,119257,122169,122795,125878,126798,128185,130154,127353,125932,125233,127161,132573,130438,125408,120874,112034,108456,104186,103127,102902,104269,104260,107398,106496,103932,103822,106134,108059,110775,110701,111016,112392,115449,115605,114319,113925,114272,112081,111371,113127,116441,117536,120096,118061,117390,117107,114507,111700,110786,109771
52,53440,54103,54870,55628,58144,59741,60066,61597,62322,63181,64459,65365,66055,64990,63965,67858,68141,69043,65037,66477,65714,64085,65377,77713,76194,75059,77413,76048,74288,73727,72949,75083,74415,76901,75213,76120,73373,74266,74157,75122,75211,79143,80688,82968,80287,83659,90375,95101,90680,125059,121539,114625,110882,109183,107947,111373,110761,111886,113514,115167,117054,118923,121841,122504,125579,126492,127946,129918,127289,125869,125180,127107,132508,130351,125318,120769,111929,108331,104063,102999,102757,104110,104093,107212,106306,103740,103622,105922,107839,110547,110471,110781,112154,115208,115365,114082,113691,114042,111856,111150,112904,116216,117312,119871,117845,117175,116895,114296,111496,110582
53,52706,53269,53846,54517,55328,57845,59509,59860,61368,62274,62913,63887,65118,65860,64685,63728,67593,67874,68784,64810,66224,65464,63856,65139,77432,75967,75140,77148,75776,73996,73496,72691,74821,74192,76623,74950,75786,73109,74041,73913,74856,74993,78968,80422,82719,80034,83346,89999,94791,90347,124620,121182,114242,110441,108695,107481,110855,110218,111395,113085,114803,116702,118520,121482,122148,125247,126131,127685,129693,127121,125760,125087,127001,132367,130195,125160,120597,111763,108161,103897,102828,102576,103915,103890,106996,106091,103523,103397,105685,107596,110297,110219,110525,111897,114946,115107,113827,113440,113793,111613,110909,112662,115974,117070,119629,117614,116944,116664,114071,111276
54,50117,52521,53007,53513,54175,55051,57597,59281,59576,61196,61977,62649,63583,64871,65537,64400,63461,67376,67582,68534,64510,65944,65220,63609,64864,77153,75955,74834,76849,75453,73734,73303,72407,74540,73854,76313,74633,75464,72830,73861,73681,74622,74802,78674,80200,82326,79697,83028,89652,94449,90005,124235,120717,113704,109951,108143,106985,110362,109795,110951,112681,114397,116305,118097,121072,121780,124867,125802,127459,129466,126928,125586,124919,126800,132142,129955,124918,120348,111530,107921,103664,102594,102331,103661,103632,106724,105820,103250,103119,105396,107300,109996,109919,110220,111591,114635,114799,113524,113141,113495,111322,110622,112374,115682,116778,119339,117332,116664,116384,113797
55,48660,49897,52262,52645,53151,53847,54828,57294,59032,59438,60891,61773,62373,63314,64538,65250,64128,63180,67074,67252,68165,64199,65640,64947,63292,64589,76895,75624,74512,76493,75103,73467,73001,72091,74234,73479,75975,74311,75155,72531,73547,73414,74412,74502,78381,79846,82026,79300,82731,89333,94050,89681,123787,120176,113149,109450,107576,106394,109816,109378,110480,112221,113951,115819,117688,120678,121327,124521,125455,127174,129206,126692,125363,124690,126545,131856,129658,124624,120057,111257,107646,103401,102333,102060,103382,103350,106430,105529,102958,102823,105092,106986,109679,109605,109903,111274,114313,114479,113212,112833,113189,111024,110327,112079,115383,116479,119044,117046,116381,116103
56,48348,48409,49588,51892,52259,52830,53568,54546,56955,58819,59115,60607,61465,62091,62963,64204,64944,63811,62871,66750,66919,67809,63907,65319,64656,63042,64376,76518,75239,74179,76171,74795,73164,72802,71796,73873,73174,75652,73971,74729,72284,73242,73152,74125,74188,77978,79509,81687,78962,82425,88935,93657,89289,123185,119601,112581,108904,107012,105890,109294,108924,109977,111744,113525,115388,117306,120230,120996,124219,125128,126877,128903,126407,125079,124405,126234,131520,129310,124289,119728,110951,107338,103109,102042,101765,103080,103049,106118,105220,102649,102512,104772,106659,109349,109280,109576,110946,113982,114153,112893,112519,112877,110718,110028,111780,115080,116177,118744,116754,116091
57,44237,48051,48043,49245,51490,51930,52482,53246,54226,56675,58489,58724,60259,61107,61668,62652,63856,64575,63484,62506,66375,66579,67463,63560,64986,64346,62768,64011,76062,74863,73808,75811,74392,72761,72393,71462,73513,72851,75267,73662,74519,71988,72907,72870,73772,73796,77614,79099,81298,78574,82069,88590,93199,88789,122569,118955,111884,108284,106436,105359,108833,108405,109542,111279,113072,114933,116855,119731,120592,123747,124775,126527,128543,126057,124738,124062,125867,131128,128916,123910,119357,110605,106998,102783,101721,101441,102750,102722,105779,104887,102317,102180,104432,106312,109002,108939,109232,110603,113636,113812,112559,112191,112552,110401,109713,111468,114764,115861,118432,116452
58,44399,43953,47674,47679,48816,51103,51584,52131,52930,53981,56298,57993,58332,59913,60703,61295,62273,63466,64185,63131,62138,65968,66233,67064,63225,64619,64152,62420,63656,75632,74406,73447,75402,73932,72305,71975,71061,73140,72503,74887,73192,74113,71675,72548,72485,73343,73397,77174,78661,80921,78179,81678,88089,92723,88297,121888,118220,111207,107672,105872,104948,108318,107855,108995,110803,112602,114428,116340,119267,120125,123343,124374,126127,128123,125654,124341,123660,125444,130686,128470,123479,118938,110213,106610,102412,101359,101077,102379,102352,105399,104515,101947,101806,104051,105927,108618,108560,108848,110219,113252,113434,112188,111825,112190,110045,109363,111121,114414,115510,118080
59,41594,44052,43586,47211,47246,48416,50716,51209,51762,52648,53597,55840,57625,57932,59422,60290,60901,61825,63085,63751,62740,61716,65539,65817,66660,62848,64313,63747,62029,63277,75141,74024,73038,74928,73501,71884,71577,70654,72743,72087,74337,72809,73750,71298,72103,72058,72884,72950,76691,78246,80521,77748,81214,87629,92131,87731,121101,117519,110558,107034,105336,104374,107754,107288,108460,110236,112039,113947,115847,118757,119663,122893,123923,125667,127649,125195,123887,123205,124970,130189,127973,122998,118469,109774,106178,102001,100955,100672,101970,101943,104981,104104,101542,101399,103639,105511,108199,108145,108434,109805,112836,113022,111783,111428,111795,109658,108981,110738,114027,115125
60,40274,41269,43640,43206,46715,46836,48024,50324,50753,51414,52213,53222,55432,57163,57449,58958,59870,60465,61354,62633,63250,62282,61328,65128,65369,66200,62702,63872,63302,61599,62867,74688,73538,72532,74467,73024,71467,71106,70215,72278,71605,73924,72383,73265,70876,71610,71552,72428,72502,76264,77782,80050,77306,80695,86967,91489,87128,120302,116767,109824,106427,104763,103759,107167,106685,107831,109680,111450,113384,115238,118243,119148,122385,123408,125150,127113,124674,123374,122696,124445,129641,127427,122472,117959,109295,105710,101553,100517,100235,101530,101506,104535,103663,101109,100966,103200,105071,107757,107709,107997,109371,112400,112589,111360,111009,111379,109251,108580,110336,113620
61,39681,39899,40842,43158,42724,46271,46367,47544,49828,50354,50945,51460,52761,54994,56608,56996,58506,59408,59950,60870,62118,62743,61770,60839,64625,64885,65737,62251,63365,62840,61160,62456,74177,72940,71976,73915,72464,70958,70598,69726,71767,71114,73455,71844,72778,70362,71114,71022,71907,72090,75778,77319,79595,76743,80111,86366,90857,86492,119437,115954,109151,105769,104135,103094,106516,106031,107179,109115,110839,112724,114674,117679,118582,121821,122840,124578,126522,124102,122814,122141,123875,129050,126840,121907,117412,108785,105211,101079,100051,99769,101064,101043,104063,103199,100654,100514,102743,104612,107298,107253,107541,108918,111947,112141,110920,110577,110949,108831,108165,109921
62,38316,39249,39417,40352,42655,42215,45810,45845,47050,49378,49841,50393,50976,52269,54426,56064,56481,57986,58862,59382,60298,61505,62160,61271,60399,64139,64590,65180,61747,62866,62361,60690,61932,73576,72380,71451,73350,71894,70425,70104,69202,71268,70620,72923,71275,72219,69840,70616,70526,71384,71556,75269,76773,79059,76176,79497,85730,90199,85866,118586,115160,108425,105090,103464,102365,105859,105299,106452,108421,110126,112098,114057,117059,117959,121200,122216,123947,125878,123479,122205,121538,123260,128417,126213,121305,116832,108244,104685,100577,99561,99280,100576,100559,103570,102714,100182,100043,102267,104137,106819,106782,107072,108449,111478,111676,110464,110130,110506,108399,107741
63,37510,37787,38772,38913,39777,42051,41719,45281,45275,46625,48843,49204,49898,50443,51663,53851,55459,55898,57336,58234,58737,59702,60906,61559,60691,59838,63507,63999,64604,61165,62310,61845,60143,61439,72945,71752,70862,72797,71345,69861,69459,68623,70726,70051,72317,70685,71616,69208,70095,69965,70830,71050,74708,76135,78417,75632,78884,85010,89507,85221,117723,114333,107681,104314,102717,101625,105110,104556,105740,107723,109449,111432,113397,116395,117291,120535,121545,123272,125193,122817,121559,120900,122612,127751,125557,120675,116227,107681,104137,100054,99051,98773,100070,100058,103061,102217,99696,99557,101777,103647,106329,106300,106592,107970,110998,111202,110000,109672,110053,107957
64,35647,36949,37230,38196,38326,39223,41516,41158,44698,44818,46013,48080,48599,49274,49782,51038,53204,54814,55244,56698,57543,58063,59050,60228,60952,60134,59255,62874,63358,63938,60564,61701,61264,59546,60886,72270,71125,70248,72150,70713,69217,68834,68026,70146,69451,71658,70049,70998,68612,69485,69388,70231,70498,74032,75514,77723,75001,78260,84362,88811,84636,116916,113496,106882,103575,102012,100869,104403,103814,105029,107009,108745,110743,112710,115705,116596,119839,120844,122570,124480,122128,120888,120242,121944,127063,124880,120026,115603,107103,103576,99519,98530,98256,99552,99547,102542,101708,99200,99063,101281,103151,105832,105810,106104,107484,110510,110720,109526,109205,109589
65,34125,35001,36346,36593,37513,37709,38675,40847,40557,44115,44178,45513,47440,47953,48573,49146,50329,52494,54099,54552,55985,56781,57358,58346,59491,60322,59293,58563,62150,62709,63245,59992,61039,60604,58943,60252,71589,70458,69569,71426,70003,68614,68242,67365,69486,68762,70921,69387,70268,68010,68791,68770,69623,69829,73367,74829,76961,74335,77569,83516,87996,83894,115931,112434,105960,102677,101127,99999,103650,103000,104257,106248,107996,110003,111976,114962,115847,119089,120092,121817,123717,121394,120171,119540,121234,126334,124164,119340,114942,106490,102982,98953,97979,97708,99004,99008,101992,101171,98675,98542,100757,102628,105306,105293,105589,106971,109997,110214,109029,108714
66,31963,33446,34352,35664,35871,36820,37068,38021,40180,39967,43426,43679,44744,46697,47148,47900,48391,49589,51770,53287,53733,55209,55996,56601,57560,58685,59808,58544,57819,61441,61954,62562,59293,60324,59894,58203,59525,70771,69718,68810,70634,69298,67861,67498,66659,68729,67972,70143,68665,69514,67319,68074,68114,68925,69031,72640,74110,76211,73611,76829,82768,87232,83094,114873,111406,104991,101724,100218,99064,102706,102189,103461,105465,107223,109241,111214,114192,115072,118316,119318,121044,122939,120644,119442,118827,120515,125598,123443,118649,114281,105878,102391,98389,97431,97165,98465,98475,101453,100644,98163,98033,100244,102117,104793,104790,105088,106474,109501,109725,108551
67,31416,31298,32734,33629,34919,35140,36125,36301,37337,39472,39260,42651,42889,43941,45810,46340,47073,47564,48778,50928,52397,52880,54338,55165,55757,56705,57907,58944,57776,57086,60607,61127,61728,58547,59593,59152,57498,58769,69952,68927,68008,69740,68515,67106,66678,65867,67882,67109,69344,67927,68746,66579,67309,67341,68204,68301,71888,73331,75479,72907,76106,81927,86340,82281,113842,110358,103973,100762,99286,98136,101828,101350,102640,104652,106419,108443,110416,113384,114261,117508,118511,120240,122129,119865,118685,118088,119770,124836,122697,117937,113600,105246,101781,97811,96868,96609,97911,97930,100901,100106,97639,97514,99721,101595,104274,104281,104582,105973,109002,109234
68,29403,30640,30575,32001,32834,34071,34390,35291,35527,36622,38679,38360,41873,42056,43025,44969,45475,46192,46755,47887,49995,51445,51987,53380,54241,54767,55919,57003,58048,56893,56301,59760,60206,60850,57754,58752,58338,56758,58018,69043,68024,67179,68884,67610,66230,65820,64920,66921,66230,68395,67048,67925,65800,66456,66497,67448,67514,71084,72508,74642,72202,75400,81114,85427,81419,112692,109194,102900,99839,98375,97236,100920,100482,101787,103809,105581,107608,109579,112541,113417,116668,117674,119409,121294,119061,117904,117328,119004,124054,121931,117208,112904,104599,101159,97222,96297,96045,97352,97380,100345,99564,97113,96994,99198,101074,103757,103774,104079,105475,108507
69,28221,28547,29779,29756,31162,31980,33227,33599,34415,34759,35837,37798,37528,40963,41054,42129,43979,44550,45232,45799,46870,48985,50418,50929,52439,53271,53853,54915,56033,57065,55996,55426,58828,59246,59926,56917,57898,57586,55898,57186,68051,67033,66204,67957,66637,65302,64823,63946,66010,65318,67422,66108,66974,64919,65578,65627,66628,66679,70217,71695,73825,71382,74588,80208,84445,80505,111458,108006,101823,98851,97387,96298,99976,99572,100889,102914,104689,106721,108694,111650,112527,115783,116794,118536,120421,118221,117088,116535,118206,123241,121139,116453,112184,103934,100519,96619,95713,95469,96779,96818,99780,99012,96578,96468,98668,100548,103233,103261,103572,104976
70,27206,27375,27627,28909,28848,30275,31015,32317,32725,33582,33830,35067,36813,36576,39863,40089,41143,42851,43540,44245,44697,45788,47855,49383,49830,51392,52337,52796,53856,54986,56049,55015,54476,57801,58275,58949,55954,56963,56656,54994,56291,67023,66002,65189,66886,65618,64235,63773,62900,65016,64291,66400,65113,65936,63984,64646,64760,65815,65802,69357,70843,72944,70490,73701,79239,83422,79524,110159,106775,100645,97775,96355,95320,98985,98614,99938,101965,103744,105785,107760,110711,111591,114852,115868,117617,119504,117338,116231,115703,117370,122389,120309,115666,111433,103244,99857,95992,95109,94873,96189,96240,99196,98443,96028,95927,98124,100008,102696,102735,103053
71,24948,26229,26448,26727,27892,27920,29332,30005,31363,31785,32678,32900,34121,35794,35492,38785,38956,39999,41718,42419,43105,43503,44677,46676,48227,48704,50246,51152,51674,52723,53790,54974,53962,53367,56743,57154,57817,55025,55949,55623,53983,55337,65789,64826,64008,65695,64522,63066,62664,61833,63876,63236,65315,64010,64788,62938,63652,63791,64934,64890,68429,69970,71987,69534,72759,78212,82268,78476,108801,105427,99424,96618,95243,94256,97906,97566,98898,100927,102712,104761,106738,109686,110569,113834,114856,116611,118500,116371,115293,114792,116455,121457,119400,114803,110611,102487,99129,95305,94444,94218,95539,95602,98553,97817,95422,95329,97526,99414,102104,102154
72,23771,23969,25215,25485,25690,26887,26940,28288,28956,30293,30715,31749,31859,33050,34647,34369,37595,37768,38770,40470,41118,41785,42175,43490,45472,47003,47583,48931,49973,50443,51546,52587,53791,52837,52309,55551,55961,56605,53936,54832,54524,52922,54311,64529,63579,62758,64395,63260,61829,61473,60603,62645,62040,64121,62879,63638,61845,62625,62781,63898,63971,67469,68972,70892,68587,71677,77081,81078,77396,107292,104024,98127,95391,94059,93125,96753,96448,97787,99822,101613,103669,105653,108596,109484,112751,113781,115546,117436,115347,114298,113826,115485,120468,118440,113893,109746,101689,98366,94586,93747,93533,94857,94934,97879,97160,94788,94704,96899,98791,101484
73,22269,22749,23006,24124,24419,24570,25824,25796,27175,27898,29161,29385,30685,30673,31851,33464,33224,36297,36584,37498,39141,39808,40452,40810,42175,44135,45741,46231,47605,48633,49162,50213,51290,52439,51570,51097,54194,54683,55409,52744,53671,53343,51749,53184,63044,62225,61450,63007,61959,60484,60172,59303,61292,60685,62790,61644,62458,60736,61480,61709,62849,62930,66417,67943,69807,67539,70605,75897,79856,76153,105703,102512,96730,94063,92776,91894,95498,95227,96578,98616,100414,102476,104464,107402,108300,111568,112608,114381,116274,114228,113213,112769,114427,119389,117392,112901,108801,100822,97535,93801,92985,92784,94113,94204,97143,96443,94095,94022,96215,98111
74,19980,21170,21679,21814,22956,23301,23404,24595,24624,26049,26788,27812,28210,29438,29399,30638,32176,31899,34985,35228,36077,37642,38308,38977,39426,40779,42999,44249,44891,46131,47225,47789,48814,49921,51098,50248,49802,52812,53299,53985,51467,52377,52032,50514,51877,61440,60769,59930,61529,60496,59043,58796,57929,59817,59284,61431,60311,61166,59521,60340,60592,61663,61772,65303,66731,68618,66388,69384,74611,78451,74891,103983,100874,95211,92619,91375,90543,94120,93887,95247,97288,99093,101163,103155,106088,106995,110264,111315,113096,114991,112994,112015,111602,113259,118199,116237,111806,107758,99862,96616,92932,92141,91953,93287,93393,96325,95645,93323,93259,95450
75,18382,18914,20058,20560,20621,21807,22088,22143,23287,23483,24740,25508,26539,26888,28052,28107,29278,30744,30595,33495,33768,34552,36083,36691,37469,37930,38929,41408,42728,43394,44676,45808,46293,47314,48480,49600,48733,48377,51187,51873,52531,50065,50974,50660,49151,50451,59770,59144,58294,59859,58958,57494,57297,56450,58303,57862,59905,58891,59816,58216,59174,59316,60445,60545,64067,65456,67338,65165,68107,73244,76998,73524,102119,99093,93559,91040,89844,89066,92612,92419,93790,95834,97648,99725,101721,104648,105565,108835,109896,111687,113583,111639,110697,110319,111977,116891,114966,110604,106612,98809,95607,91978,91214,91042,92381,92503,95428,94769,92477,92425
76,16970,17192,17736,18806,19277,19432,20556,20799,20914,22088,22210,23414,24210,25186,25410,26757,26740,27895,29272,29112,31932,32250,33007,34374,35096,35983,36621,37342,39829,41145,41804,43067,44112,44696,45700,46794,47948,47153,46900,49647,50212,50921,48546,49406,49067,47618,48852,57886,57344,56620,58092,57215,55875,55600,54881,56739,56383,58361,57476,58443,56856,57814,57932,59070,59217,62715,64077,65863,63771,66638,71732,75426,72044,100092,97157,91757,89318,88172,87450,90965,90813,92196,94244,96066,98149,100150,103070,104000,107266,108341,110142,112041,110154,109254,108911,110569,115456,113573,109284,105357,97656,94503,90933,90200,90043,91390,91527,94447,93810,91551
77,15188,15818,15993,16593,17476,18059,18192,19123,19559,19623,20775,20945,22054,22813,23689,24009,25276,25274,26427,27657,27552,30230,30504,31260,32735,33448,34090,35005,35679,38090,39440,40079,41355,42263,43050,44034,45030,46174,45477,45254,47910,48448,49193,46840,47689,47389,45975,47202,56015,55467,54666,56238,55295,53992,53806,53204,54986,54700,56746,55931,56911,55341,56309,56508,57639,57792,61200,62562,64265,62279,65083,70082,73710,70420,97870,95028,89773,87422,86332,85672,89154,89048,90445,92496,94327,96415,98421,101332,102276,105536,106626,108438,110339,108515,107661,107360,109017,113874,112037,107830,103974,96386,93289,89784,89085,88944,90298,90454,93365,92754
78,12742,13969,14609,14834,15354,16155,16767,16808,17753,18274,18325,19358,19538,20631,21388,22262,22443,23724,23776,24876,25928,25919,28443,28651,29564,31027,31976,32279,33330,34002,36326,37585,38355,39557,40546,41179,42187,43153,44410,43651,43370,45981,46530,47367,44959,45833,45535,44203,45416,53840,53393,52663,54028,53229,51967,51962,51338,53143,52957,54928,54282,55274,53788,54722,54970,56105,56178,59530,60936,62513,60651,63396,68291,71841,68656,95456,92715,87622,85366,84339,83744,87189,87134,88543,90596,92434,94526,96533,99433,100390,103643,104748,106569,108472,106717,105912,105656,107313,112134,110350,106233,102455,94993,91960,88528,87862,87742,89102,89279,92178
79,11468,11640,12752,13372,13545,14108,14888,15327,15480,16372,16952,16969,17905,18084,19081,19959,20651,20886,22174,22199,23263,24205,24327,26555,26878,27814,29289,30078,30504,31505,32244,34500,35674,36429,37622,38555,39212,40299,41192,42377,41642,41461,43905,44582,45284,42974,43849,43634,42263,43575,51530,51112,50445,51708,51065,49921,49961,49425,51276,51158,53137,52468,53563,52050,53027,53295,54381,54490,57759,59132,60660,58881,61565,66345,69818,66744,92846,90216,85298,83145,82182,81657,85059,85054,86472,88522,90366,92459,94467,97350,98322,101564,102683,104511,106417,104735,103983,103774,105430,110209,108484,104465,100775,93453,90487,87137,86509,86409,87775,87976
80,9902,10438,10482,11575,12187,12304,12868,13574,13940,14162,14972,15478,15624,16440,16677,17660,18429,18984,19322,20502,20527,21582,22424,22547,24701,25051,25998,27355,28268,28572,29720,30435,32538,33718,34449,35538,36497,37142,38255,39117,40172,39510,39366,41768,42344,43053,40898,41606,41500,40283,41510,48986,48666,48083,49300,48758,47727,47895,47438,49145,49194,51152,50541,51582,50086,51258,51361,52466,52609,55816,57151,58653,56964,59580,64238,67627,64675,90018,87511,82781,80736,79843,79387,82739,82785,84211,86257,88102,90194,92200,95065,96051,99276,100410,102244,104152,102549,101851,101694,103350,108080,106420,102511,98917,91751,88863,85600,85013,84939,86311
81,8797,8906,9350,9380,10356,10933,11018,11559,12294,12625,12787,13594,14012,14130,14917,15214,16136,16825,17384,17655,18675,18772,19782,20476,20788,22828,23154,24104,25545,26297,26746,27753,28497,30541,31708,32373,33378,34340,35006,36083,36797,37854,37221,37106,39365,40004,40647,38628,39259,39209,38085,39296,46393,45924,45610,46877,46463,45415,45736,45239,47001,47022,48946,48340,49360,48171,49122,49374,50391,50593,53683,54999,56473,54880,57426,61949,65246,62427,86944,84566,80038,78109,77287,76902,80196,80293,81725,83764,85608,87695,89697,92535,93536,96736,97887,99726,101633,100115,99477,99373,101029,105701,104113,100323,96838,89847,87045,83880,83335,83288
82,7442,7762,7890,8341,8280,9206,9712,9668,10353,11002,11270,11509,12209,12610,12644,13487,13715,14604,15271,15812,15982,16898,16958,17953,18641,19061,20988,21363,22253,23621,24344,24856,25889,26450,28468,29567,30085,31098,32076,32695,33677,34431,35402,34820,34562,36864,37484,38143,36211,36821,36683,35672,36853,43519,43202,43004,44263,43895,43080,43275,42887,44650,44701,46570,46105,47131,45903,46797,47135,48174,48377,51370,52667,54110,52620,55087,59461,62656,59978,83592,81350,77040,75231,74483,74170,77399,77547,78983,81009,82848,84925,86915,89722,90736,93905,95070,96910,98812,97387,96814,96764,98418,103022,101513,97857,94493,87697,84991,81933,81437
83,6295,6490,6769,6913,7368,7276,8055,8437,8492,9139,9740,9918,10240,10718,11146,11378,12053,12213,13179,13691,14149,14350,15138,15112,16167,16882,17313,19113,19631,20419,21697,22417,22930,23842,24471,26315,27278,27715,28933,29644,30308,31212,31945,32889,32307,32122,34186,34712,35452,33667,34254,34100,33150,34321,40640,40249,40243,41584,41231,40529,40794,40443,42111,42259,44069,43598,44568,43542,44331,44646,45745,45977,48862,50133,51538,50154,52532,56741,59822,57299,79919,77827,73751,72072,71404,71166,74320,74523,75958,77965,79792,81849,83824,86591,87616,90746,91920,93760,95653,94328,93825,93833,95479,100004,98581,95075,91843,85268,82668,79731
84,5127,5412,5596,5897,5961,6410,6352,6981,7313,7428,8007,8535,8687,8910,9351,9841,10071,10677,10836,11589,12157,12515,12684,13418,13470,14438,15453,15467,17401,17790,18564,19762,20482,20791,21735,22353,24022,24856,25463,26600,27134,27766,28658,29426,30126,29852,29503,31424,31943,32626,31037,31363,31392,30411,31700,37594,37394,37325,38758,38444,37936,38213,37862,39417,39665,41433,40936,41889,40964,41731,42044,43122,43379,46140,47378,48737,47463,49743,53768,56727,54371,75901,73971,70153,68614,68035,67874,70941,71199,72627,74606,76414,78445,80398,83115,84151,87230,88413,90245,92126,90907,90480,90548,92184,96615,95287,91948,88863,82538,80056
85,4243,4308,4560,4762,5055,5054,5482,5338,5981,6264,6381,6905,7338,7463,7685,8204,8588,8738,9370,9400,10125,10678,10904,11045,11865,11898,12559,13751,13844,15533,16039,16712,17826,18369,18811,19664,20194,21709,22649,23095,24072,24611,25155,26084,26562,27309,27149,26842,28599,29083,29674,28213,28537,28536,27745,29090,34518,34343,34426,35835,35662,35217,35513,35179,36671,37026,38526,38083,38925,38116,38914,39248,40297,40573,43194,44387,45693,44534,46709,50532,53355,51182,71522,69768,66228,64841,64353,64271,67237,67546,68963,70904,72687,74684,76607,79262,80306,83321,84510,86327,88188,87085,86736,86865,88489,92809,91585,88430,85510,79463
86,3473,3529,3615,3784,3988,4266,4273,4530,4469,5086,5234,5443,5857,6187,6315,6625,7006,7345,7559,7981,8083,8718,9121,9411,9588,10357,10447,10960,12197,12185,13770,14288,14839,15790,16355,16871,17568,18015,19518,20328,20675,21590,22075,22603,23323,23864,24476,24339,24166,25737,26128,26649,25397,25720,25682,25025,26380,31338,31326,31402,32788,32744,32285,32530,32267,33763,33975,35449,35100,35753,35138,35920,36269,37279,37569,40032,41172,42419,41382,43440,47042,49718,47739,66793,65224,61983,60753,60358,60351,63200,63559,64953,66846,68592,70546,72428,75008,76056,78991,80182,81976,83809,82828,82562,82751,84354,88544,87434,84482,81742
87,2448,2856,2875,2962,3098,3288,3514,3458,3775,3647,4230,4346,4625,4902,5123,5291,5564,5877,6247,6420,6746,6832,7400,7708,8028,8306,8853,9011,9570,10633,10746,12114,12549,12937,13903,14421,14891,15459,15965,17368,17866,18229,18980,19614,19859,20735,21101,21710,21578,21332,22722,23147,23614,22525,22695,22967,22432,23653,28168,28203,28403,29628,29684,29181,29465,29373,30574,30796,32199,31810,32535,32017,32773,33131,34091,34390,36681,37762,38944,38033,39966,43329,45845,44071,61743,60368,57437,56367,56066,56130,58844,59244,60607,62441,64139,66037,67867,70357,71403,74240,75425,77187,78982,78128,77946,78195,79771,83809,82816,80085
88,2041,1959,2308,2317,2398,2533,2637,2800,2824,3103,2928,3389,3600,3783,3972,4225,4357,4596,4906,5185,5341,5607,5680,6169,6478,6823,7103,7502,7781,8186,9157,9325,10553,10764,11307,12110,12554,12843,13492,13956,15042,15581,15789,16546,16915,17371,17998,18368,18888,18854,18578,19746,20227,20535,19692,20018,20238,19797,21042,24939,25204,25366,26501,26518,26020,26556,26210,27343,27448,28823,28515,29208,28784,29502,29861,30762,31063,33170,34185,35295,34511,36309,39417,41759,40197,56399,55220,52609,51699,51488,51616,54177,54613,55933,57695,59334,61161,62926,65308,66346,69062,70235,71950,73697,72973,72873,73179,74720,78578,77714
89,1391,1565,1555,1846,1823,1918,1988,2079,2217,2220,2519,2429,2748,2883,3029,3283,3462,3485,3799,3951,4282,4340,4627,4603,5064,5381,5677,5872,6339,6581,6984,7847,7938,8879,9161,9667,10370,10586,11052,11604,11916,12852,13242,13544,14075,14517,14924,15367,15701,16151,16113,15938,16938,17340,17530,17025,17293,17553,17349,18371,21825,22152,22378,23400,23407,22963,23267,23049,24040,24008,25404,25175,25825,25486,26157,26507,27339,27639,29551,30493,31524,30867,32520,35354,37511,36160,50820,49832,47547,46792,46664,46847,49237,49700,50966,52639,54204,55946,57631,59885,60905,63479,64628,66283,67966,67372,67353,67710,69205,72856
90,1061,1072,1176,1232,1419,1460,1505,1506,1641,1775,1739,1939,1926,2128,2270,2438,2586,2731,2819,3015,3184,3465,3487,3670,3692,4082,4358,4664,4909,5271,5543,5918,6604,6522,7441,7733,8073,8652,8958,9326,9691,10039,10800,11215,11278,11838,12122,12507,12949,13175,13575,13527,13371,14221,14539,14887,14476,14694,15020,14889,15778,18766,19207,19284,20186,20339,19883,20003,19824,20806,20764,22009,21846,22445,22181,22796,23130,23888,24182,25890,26753,27698,27162,28661,31211,33169,32027,45091,44286,42321,41713,41661,41889,44090,44567,45767,47336,48811,50450,52039,54148,55138,57545,58659,60237,61842,61375,61431,61830,63266
91,707,794,826,908,953,1097,1115,1120,1133,1243,1363,1382,1507,1467,1659,1803,1937,2030,2139,2186,2336,2527,2756,2738,2866,2938,3292,3507,3842,4038,4325,4556,4863,5372,5409,6161,6389,6600,7247,7441,7616,8007,8247,8937,9093,9337,9745,9997,10253,10645,10780,11220,11180,10951,11680,12123,12439,12026,12355,12612,12535,13361,15999,16177,16373,17053,17214,16739,17007,16730,17619,17616,18704,18597,19137,18939,19492,19806,20484,20767,22267,23047,23900,23478,24817,27074,28825,27884,39326,38692,37038,36567,36581,36841,38838,39321,40442,41893,43264,44783,46261,48206,49158,51377,52444,53929,55441,55096,55219,55650
92,487,525,600,632,676,716,807,804,821,835,952,971,1043,1130,1133,1283,1393,1462,1545,1627,1638,1813,1976,2165,2090,2234,2394,2549,2777,3106,3250,3510,3660,3872,4325,4373,4987,5137,5339,5866,5940,6189,6418,6626,7065,7274,7461,7809,8087,8304,8518,8637,9035,8814,8815,9474,9793,10245,9907,10123,10487,10377,11044,13096,13422,13648,14029,14224,13737,13967,13836,14599,14624,15554,15491,15964,15823,16309,16597,17193,17459,18752,19443,20199,19880,21054,23014,24549,23793,33618,33137,31777,31428,31495,31773,33552,34026,35055,36372,37623,39006,40357,42118,43016,45025,46029,47402,48801,48568,48745
93,345,363,375,438,473,506,516,596,584,613,589,702,736,754,823,835,954,1025,1105,1106,1192,1164,1344,1462,1696,1554,1779,1879,2003,2150,2452,2638,2854,2816,3032,3403,3488,3894,4066,4254,4537,4701,4848,5095,5139,5604,5729,5841,6074,6336,6513,6644,6779,7020,6914,7015,7554,7803,8340,7948,8186,8443,8445,8962,10573,10943,10941,11316,11359,10952,11260,11176,11815,11856,12632,12600,13005,12910,13327,13585,14097,14340,15431,16030,16686,16456,17464,19128,20446,19855,28108,27757,26668,26424,26528,26811,28362,28814,29736,30906,32024,33256,34465,36028,36855,38638,39562,40805,42075,41937
94,222,259,266,259,306,337,346,369,433,406,438,493,508,495,530,632,599,712,772,810,772,863,813,998,1085,1283,1266,1351,1482,1519,1697,1919,2059,2121,2145,2373,2635,2709,3048,3210,3242,3501,3608,3752,3839,3913,4341,4351,4447,4675,4776,4987,5079,5153,5344,5339,5444,5794,6149,6481,6262,6432,6686,6607,7043,8417,8535,8597,8709,8835,8597,8857,8808,9328,9376,10005,9994,10331,10272,10622,10846,11274,11490,12388,12895,13452,13294,14138,15518,16620,16173,22939,22697,21848,21689,21815,22088,23410,23825,24632,25647,26620,27692,28748,30103,30845,32391,33220,34319,35444
95,156,168,186,190,156,214,234,235,256,318,276,288,337,368,335,384,460,412,556,566,591,533,563,498,711,768,1005,894,1004,1106,1151,1371,1579,1525,1618,1597,1812,2011,2094,2330,2355,2405,2563,2716,2733,2892,2865,3282,3221,3309,3481,3574,3681,3746,3835,4071,4064,4092,4376,4673,4972,4834,4951,5131,5085,5456,6435,6451,6555,6539,6736,6567,6778,6752,7163,7210,7705,7708,7980,7947,8232,8420,8770,8955,9675,10093,10551,10450,11137,12250,13147,12818,18217,18060,17418,17325,17459,17711,18805,19175,19860,20715,21540,22447,23344,24486,25133,26437,27160,28105
96,128,118,101,130,135,101,126,168,154,187,211,199,223,214,241,234,267,315,289,414,381,433,393,374,312,521,602,756,633,743,839,909,1032,944,1121,1214,1217,1345,1514,1553,1692,1757,1779,1906,1937,1963,2097,2042,2364,2288,2339,2534,2522,2660,2629,2798,2980,2975,3052,3204,3473,3705,3643,3667,3759,3785,4015,4722,4746,4805,4819,4974,4858,5022,5011,5323,5365,5741,5752,5965,5950,6173,6327,6602,6756,7314,7647,8011,7952,8493,9361,10067,9835,14005,13911,13443,13397,13527,13748,14625,14940,15503,16200,16875,17617,18353,19285,19829,20894,21501
97,64,97,91,80,92,99,53,74,133,104,129,168,136,137,128,150,149,172,235,183,312,261,292,267,249,150,399,431,568,437,549,648,708,599,677,782,873,857,969,1084,1065,1199,1212,1264,1318,1362,1385,1449,1440,1679,1592,1613,1739,1741,1826,1882,2006,2127,2175,2181,2316,2514,2701,2621,2664,2762,2684,2825,3298,3302,3408,3425,3540,3463,3585,3582,3809,3844,4119,4133,4293,4289,4458,4578,4787,4909,5326,5580,5859,5828,6238,6889,7423,7266,10368,10318,9991,9975,10091,10276,10952,11208,11651,12197,12729,13312,13893,14624,15063,15899
98,45,42,58,74,58,66,73,24,49,102,58,92,100,92,86,87,98,85,109,158,107,231,149,214,176,160,166,270,313,458,334,402,451,382,418,463,560,595,601,671,723,746,832,832,840,906,925,949,981,971,1087,1098,1137,1181,1162,1241,1308,1392,1508,1490,1517,1612,1826,1878,1755,1830,1895,1868,1964,2261,2244,2320,2335,2418,2368,2455,2455,2614,2642,2835,2849,2964,2967,3090,3180,3332,3425,3725,3911,4116,4103,4400,4870,5258,5158,7374,7354,7135,7138,7236,7382,7883,8083,8419,8830,9232,9673,10114,10665,11005
99,0,0,0,0,0,0,0,0,0,0,0,0,0,0,0,0,0,0,0,0,0,0,0,0,0,0,0,0,0,0,0,0,0,0,0,0,0,0,0,0,0,0,0,0,0,543,589,621,620,634,612,719,716,755,787,765,801,859,965,1000,1019,1042,1078,1241,1239,1173,1221,1258,1243,1335,3436,3592,3746,3860,3992,4050,4148,4217,4370,4493,4705,4860,5044,5178,5357,5547,5785,6017,6382,6762,7164,7440,7838,8434,9109,9515,11292,12497,13190,13690,14125,14552,15215,15837,16526,17314,18168,19096,20079,21181